"3302055001DO001_20112013 Life Tables, States, Territories and Australia, 2011-2013",...2,...3,...4,...5,...6,...7,...8,...9,...10,...11,...12,BMI,<25...14,2529...15,3034...16,3539...17,40+...18,<25...19,2529...20,3034...21,3539...22,40+...23,<25...24,2529...25,3034...26,3539...27,40+...28,<25...29,2529...30,3034...31,3539...32,40+...33
Released at 11:30 am (Canberra time) Thurs 6 Nov 2014,NA,NA,NA,NA,NA,NA,NA,NA,NA,NA,NA,HR for BMI,1,1.3,1.6900000000000002,2.1970000000000005,2.8561000000000005,1,1.3,1.6900000000000002,2.1970000000000005,2.8561000000000005,1,1.3,1.6900000000000002,2.1970000000000005,2.8561000000000005,1,1.3,1.6900000000000002,2.1970000000000005,2.8561000000000005
"Table 1.9 Life Tables, Australia, 2011â€“2013",NA,NA,NA,NA,NA,NA,NA,NA,NA,NA,NA,Prevalence,0.246,0.45200000000000001,0.20699999999999999,6.6000000000000003E-2,2.9000000000000001E-2,0.246,0.45200000000000001,0.20699999999999999,6.6000000000000003E-2,2.9000000000000001E-2,0.246,0.45200000000000001,0.20699999999999999,6.6000000000000003E-2,2.9000000000000001E-2,0.246,0.45200000000000001,0.20699999999999999,6.6000000000000003E-2,2.9000000000000001E-2
NA,Males,NA,NA,NA,Females,NA,NA,NA,NA,NA,NA,HR for low SEP,1.39,1.39,1.39,1.39,1.39,1.39,1.39,1.39,1.39,1.39,1,1,1,1,1,1.39,1.39,1.39,1.39,1.39
NA,lx,qx,Lx,ex,lx,qx,Lx,ex,NA,qx,NA,Prevalence,0.52600000000000002,0.56699999999999995,0.47699999999999998,0.45,0.59199999999999997,NA,NA,NA,NA,NA,0.52600000000000002,0.56699999999999995,0.47699999999999998,0.45,0.59199999999999997,NA,NA,NA,NA,NA
Age,no.,rate,no.,years,no.,rate,no.,years,NA,male,female,NA,male_sep1_bmi0,male_sep1_bmi1,male_sep1_bmi2,male_sep1_bmi3,male_sep1_bmi4,male_sep0_bmi0,male_sep0_bmi1,male_sep0_bmi2,male_sep0_bmi3,male_sep0_bmi4,female_sep1_bmi0,female_sep1_bmi1,female_sep1_bmi2,female_sep1_bmi3,female_sep1_bmi4,female_sep0_bmi0,female_sep0_bmi1,female_sep0_bmi2,female_sep0_bmi3,female_sep0_bmi4
0,100000,4.1999999999999997E-3,99625,80.099999999999994,100000,3.3300000000000001E-3,99703,84.3,NA,4.1999999999999997E-3,3.3300000000000001E-3,NA,2.5117450690718629E-3,3.265268589793422E-3,4.2448491667314492E-3,5.518303916750884E-3,7.1737950917761494E-3,3.4913256460098892E-3,4.5387233398128564E-3,5.9003403417567137E-3,7.6704424442837283E-3,9.9715751775688467E-3,2.3595953938713868E-3,3.0674740120328029E-3,3.987716215642644E-3,5.1840310803354384E-3,6.7392404044360693E-3,3.2798375974812275E-3,4.2637888767255959E-3,5.542925539743275E-3,7.2058032016662586E-3,9.3675441621661349E-3
1,99580,3.5E-4,99561,79.400000000000006,99667,2.5999999999999998E-4,99653,83.6,NA,3.5E-4,2.5999999999999998E-4,NA,2.0931208908932193E-4,2.7210571581611854E-4,3.537374305609541E-4,4.5985865972924037E-4,5.9781625764801245E-4,2.9094380383415744E-4,3.782269449844047E-4,4.9169502847972607E-4,6.3920353702364406E-4,8.3096459813073722E-4,1.8423267339536353E-4,2.3950247541397259E-4,3.113532180381644E-4,4.0475918344961377E-4,5.261869384844979E-4,2.5608341601955528E-4,3.3290844082542188E-4,4.3278097307304848E-4,5.6261526499496307E-4,7.3139984449345193E-4
2,99545,1.9000000000000001E-4,99535,78.400000000000006,99641,1.6000000000000001E-4,99632,82.6,NA,1.9000000000000001E-4,1.6000000000000001E-4,NA,1.1362656264848906E-4,1.4771453144303578E-4,1.9202889087594654E-4,2.4963755813873053E-4,3.2452882558034967E-4,1.5794092208139978E-4,2.0532319870581971E-4,2.6692015831756568E-4,3.4699620581283538E-4,4.5109506755668598E-4,1.1337395285868527E-4,1.4738613871629084E-4,1.9160198033117812E-4,2.490825744305316E-4,3.2380734675969107E-4,1.5758979447357251E-4,2.0486673281564427E-4,2.6632675266033759E-4,3.4622477845843889E-4,4.5009221199597056E-4
3,99527,1.3999999999999999E-4,99519,77.400000000000006,99625,1.2E-4,99619,81.599999999999994,NA,1.3999999999999999E-4,1.2E-4,NA,8.3724835635728758E-5,1.0884228632644739E-4,1.4149497222438161E-4,1.8394346389169613E-4,2.3912650305920496E-4,1.1637752153366296E-4,1.5129077799376186E-4,1.9667801139189043E-4,2.5568141480945757E-4,3.3238583925229487E-4,8.5030464644013942E-5,1.1053960403721813E-4,1.4370148524838359E-4,1.8681193082289868E-4,2.4285551006976826E-4,1.1819234585517937E-4,1.536500496117332E-4,1.9974506449525317E-4,2.5966858384382914E-4,3.3756915899697788E-4
4,99512,1.2E-4,99506,76.400000000000006,99613,1E-4,99608,80.7,NA,1.2E-4,1E-4,NA,7.1764144830624665E-5,9.3293388279812073E-5,1.212814047637557E-4,1.5766582619288242E-4,2.0496557405074714E-4,9.9752161314568274E-5,1.2967780970893876E-4,1.685811526216204E-4,2.1915549840810655E-4,2.849021479305385E-4,7.0858720536678288E-5,9.2116336697681777E-5,1.1975123770698632E-4,1.5567660901908223E-4,2.0237959172480688E-4,9.8493621545982807E-5,1.2804170800977767E-4,1.6645422041271097E-4,2.1639048653652426E-4,2.8130763249748154E-4
5,99500,1.1E-4,99494,75.5,99603,9.0000000000000006E-5,99598,79.7,NA,1.1E-4,9.0000000000000006E-5,NA,6.5783799428072599E-5,8.5518939256494376E-5,1.1117462103344271E-4,1.4452700734347553E-4,1.8788510954651817E-4,9.1439481205020902E-5,1.1887132556652718E-4,1.5453272323648535E-4,2.0089254020743097E-4,2.6116030226966023E-4,6.3772848483010453E-5,8.2904703027913599E-5,1.0777611393628767E-4,1.40108948117174E-4,1.821416325523262E-4,8.8644259391384525E-5,1.1523753720879989E-4,1.4980879837143987E-4,1.9475143788287184E-4,2.5317686924773339E-4
6,99489,1E-4,99484,74.5,99594,9.0000000000000006E-5,99589,78.7,NA,1E-4,9.0000000000000006E-5,NA,5.9803454025520559E-5,7.7744490233176732E-5,1.0106783730312976E-4,1.3138818849406871E-4,1.7080464504228929E-4,8.3126801095473571E-5,1.0806484142411565E-4,1.4048429385135034E-4,1.8262958200675547E-4,2.374184566087821E-4,6.3772848483010453E-5,8.2904703027913599E-5,1.0777611393628767E-4,1.40108948117174E-4,1.821416325523262E-4,8.8644259391384525E-5,1.1523753720879989E-4,1.4980879837143987E-4,1.9475143788287184E-4,2.5317686924773339E-4
7,99479,9.0000000000000006E-5,99474,73.5,99585,8.0000000000000007E-5,99581,77.7,NA,9.0000000000000006E-5,8.0000000000000007E-5,NA,5.3823108622968499E-5,6.9970041209859048E-5,9.0961053572816768E-5,1.1824936964466182E-4,1.5372418053806035E-4,7.4814120985926212E-5,9.7258357281704083E-5,1.2643586446621532E-4,1.6436662380607992E-4,2.1367661094790389E-4,5.6686976429342633E-5,7.3693069358145421E-5,9.5800990165589058E-5,1.245412872152658E-4,1.6190367337984553E-4,7.8794897236786256E-5,1.0243336640782213E-4,1.331633763301688E-4,1.7311238922921944E-4,2.2504610599798528E-4
8,99470,9.0000000000000006E-5,99465,72.5,99577,8.0000000000000007E-5,99573,76.7,NA,9.0000000000000006E-5,8.0000000000000007E-5,NA,5.3823108622968499E-5,6.9970041209859048E-5,9.0961053572816768E-5,1.1824936964466182E-4,1.5372418053806035E-4,7.4814120985926212E-5,9.7258357281704083E-5,1.2643586446621532E-4,1.6436662380607992E-4,2.1367661094790389E-4,5.6686976429342633E-5,7.3693069358145421E-5,9.5800990165589058E-5,1.245412872152658E-4,1.6190367337984553E-4,7.8794897236786256E-5,1.0243336640782213E-4,1.331633763301688E-4,1.7311238922921944E-4,2.2504610599798528E-4
9,99461,9.0000000000000006E-5,99457,71.5,99569,8.0000000000000007E-5,99566,75.7,NA,9.0000000000000006E-5,8.0000000000000007E-5,NA,5.3823108622968499E-5,6.9970041209859048E-5,9.0961053572816768E-5,1.1824936964466182E-4,1.5372418053806035E-4,7.4814120985926212E-5,9.7258357281704083E-5,1.2643586446621532E-4,1.6436662380607992E-4,2.1367661094790389E-4,5.6686976429342633E-5,7.3693069358145421E-5,9.5800990165589058E-5,1.245412872152658E-4,1.6190367337984553E-4,7.8794897236786256E-5,1.0243336640782213E-4,1.331633763301688E-4,1.7311238922921944E-4,2.2504610599798528E-4
10,99452,9.0000000000000006E-5,99448,70.5,99562,8.0000000000000007E-5,99558,74.7,NA,9.0000000000000006E-5,8.0000000000000007E-5,NA,5.3823108622968499E-5,6.9970041209859048E-5,9.0961053572816768E-5,1.1824936964466182E-4,1.5372418053806035E-4,7.4814120985926212E-5,9.7258357281704083E-5,1.2643586446621532E-4,1.6436662380607992E-4,2.1367661094790389E-4,5.6686976429342633E-5,7.3693069358145421E-5,9.5800990165589058E-5,1.245412872152658E-4,1.6190367337984553E-4,7.8794897236786256E-5,1.0243336640782213E-4,1.331633763301688E-4,1.7311238922921944E-4,2.2504610599798528E-4
11,99444,9.0000000000000006E-5,99439,69.5,99554,8.0000000000000007E-5,99550,73.7,NA,9.0000000000000006E-5,8.0000000000000007E-5,NA,5.3823108622968499E-5,6.9970041209859048E-5,9.0961053572816768E-5,1.1824936964466182E-4,1.5372418053806035E-4,7.4814120985926212E-5,9.7258357281704083E-5,1.2643586446621532E-4,1.6436662380607992E-4,2.1367661094790389E-4,5.6686976429342633E-5,7.3693069358145421E-5,9.5800990165589058E-5,1.245412872152658E-4,1.6190367337984553E-4,7.8794897236786256E-5,1.0243336640782213E-4,1.331633763301688E-4,1.7311238922921944E-4,2.2504610599798528E-4
12,99435,1E-4,99430,68.5,99547,8.0000000000000007E-5,99543,72.7,NA,1E-4,8.0000000000000007E-5,NA,5.9803454025520559E-5,7.7744490233176732E-5,1.0106783730312976E-4,1.3138818849406871E-4,1.7080464504228929E-4,8.3126801095473571E-5,1.0806484142411565E-4,1.4048429385135034E-4,1.8262958200675547E-4,2.374184566087821E-4,5.6686976429342633E-5,7.3693069358145421E-5,9.5800990165589058E-5,1.245412872152658E-4,1.6190367337984553E-4,7.8794897236786256E-5,1.0243336640782213E-4,1.331633763301688E-4,1.7311238922921944E-4,2.2504610599798528E-4
13,99425,1.1E-4,99420,67.5,99538,9.0000000000000006E-5,99534,71.7,NA,1.1E-4,9.0000000000000006E-5,NA,6.5783799428072599E-5,8.5518939256494376E-5,1.1117462103344271E-4,1.4452700734347553E-4,1.8788510954651817E-4,9.1439481205020902E-5,1.1887132556652718E-4,1.5453272323648535E-4,2.0089254020743097E-4,2.6116030226966023E-4,6.3772848483010453E-5,8.2904703027913599E-5,1.0777611393628767E-4,1.40108948117174E-4,1.821416325523262E-4,8.8644259391384525E-5,1.1523753720879989E-4,1.4980879837143987E-4,1.9475143788287184E-4,2.5317686924773339E-4
14,99415,1.6000000000000001E-4,99407,66.5,99530,1.3999999999999999E-4,99523,70.7,NA,1.6000000000000001E-4,1.3999999999999999E-4,NA,9.5685526440832892E-5,1.2439118437308276E-4,1.6170853968500761E-4,2.1022110159050992E-4,2.7328743206766289E-4,1.3300288175275771E-4,1.7290374627858504E-4,2.2477487016216055E-4,2.9220733121080873E-4,3.7986953057405135E-4,9.9202208751349584E-5,1.2896287137675446E-4,1.6765173278978081E-4,2.1794725262671508E-4,2.8333142841472958E-4,1.3789107016437592E-4,1.7925839121368871E-4,2.3303590857779534E-4,3.0294668115113399E-4,3.9383068549647416E-4
15,99398,2.3000000000000001E-4,99387,65.5,99516,1.8000000000000001E-4,99507,69.7,NA,2.3000000000000001E-4,1.8000000000000001E-4,NA,1.3754794425869729E-4,1.7881232753630649E-4,2.3245602579719844E-4,3.02192833536358E-4,3.9285068359726542E-4,1.9119164251958922E-4,2.4854913527546599E-4,3.231138758581058E-4,4.2004803861553759E-4,5.4606245020019889E-4,1.2754569696602091E-4,1.658094060558272E-4,2.1555222787257534E-4,2.80217896234348E-4,3.6428326510465239E-4,1.7728851878276905E-4,2.3047507441759977E-4,2.9961759674287973E-4,3.8950287576574368E-4,5.0635373849546679E-4
16,99375,3.2000000000000003E-4,99360,64.5,99498,2.2000000000000001E-4,99488,68.7,NA,3.2000000000000003E-4,2.2000000000000001E-4,NA,1.9137105288166578E-4,2.4878236874616551E-4,3.2341707937001522E-4,4.2044220318101984E-4,5.4657486413532577E-4,2.6600576350551541E-4,3.4580749255717008E-4,4.4954974032432109E-4,5.8441466242161746E-4,7.5973906114810269E-4,1.5588918518069222E-4,2.0265594073489988E-4,2.634527229553699E-4,3.4248853984198086E-4,4.4523510179457514E-4,2.1668596740116218E-4,2.8169175762151087E-4,3.6619928490796413E-4,4.7605907038035343E-4,6.1887679149445936E-4
17,99344,4.2000000000000002E-4,99323,63.6,99477,2.4000000000000001E-4,99465,67.8,NA,4.2000000000000002E-4,2.4000000000000001E-4,NA,2.5117450690718632E-4,3.2652685897934224E-4,4.2448491667314493E-4,5.5183039167508842E-4,7.1737950917761498E-4,3.4913256460098894E-4,4.5387233398128563E-4,5.9003403417567132E-4,7.6704424442837287E-4,9.9715751775688471E-4,1.7006092928802788E-4,2.2107920807443626E-4,2.8740297049676718E-4,3.7362386164579737E-4,4.8571102013953652E-4,2.3638469171035874E-4,3.073000992234664E-4,3.9949012899050633E-4,5.1933716768765828E-4,6.7513831799395575E-4
18,99302,5.1000000000000004E-4,99277,62.6,99453,2.5999999999999998E-4,99440,66.8,NA,5.1000000000000004E-4,2.5999999999999998E-4,NA,3.0499761553015483E-4,3.9649690018920132E-4,5.1544597024596171E-4,6.7007976131975037E-4,8.7110368971567533E-4,4.2394668558691517E-4,5.5113069126298971E-4,7.1646989864188667E-4,9.3141086823445289E-4,1.2108341287047886E-3,1.8423267339536353E-4,2.3950247541397259E-4,3.113532180381644E-4,4.0475918344961377E-4,5.261869384844979E-4,2.5608341601955528E-4,3.3290844082542188E-4,4.3278097307304848E-4,5.6261526499496307E-4,7.3139984449345193E-4
19,99251,5.9000000000000003E-4,99222,61.6,99427,2.7E-4,99413,65.8,NA,5.9000000000000003E-4,2.7E-4,NA,3.5284037875057131E-4,4.5869249237574274E-4,5.9630024008846562E-4,7.7519031211500532E-4,1.0077474057495069E-3,4.9044812646329415E-4,6.3758256440228243E-4,8.2885733372296724E-4,1.0775145338398574E-3,1.4007688939918148E-3,1.9131854544903137E-4,2.4871410908374077E-4,3.2332834180886307E-4,4.2032684435152202E-4,5.4642489765697859E-4,2.6593277817415362E-4,3.4571261162639973E-4,4.4942639511431963E-4,5.8425431364861563E-4,7.5953060774320029E-4
20,99193,6.2E-4,99162,60.7,99400,2.7E-4,99386,64.8,NA,6.2E-4,2.7E-4,NA,3.7078141495822743E-4,4.8201583944569571E-4,6.2662059127940439E-4,8.146067686632259E-4,1.0589887992621936E-3,5.1538616679193611E-4,6.70002016829517E-4,8.710026218783721E-4,1.1323034084418839E-3,1.471994430974449E-3,1.9131854544903137E-4,2.4871410908374077E-4,3.2332834180886307E-4,4.2032684435152202E-4,5.4642489765697859E-4,2.6593277817415362E-4,3.4571261162639973E-4,4.4942639511431963E-4,5.8425431364861563E-4,7.5953060774320029E-4
21,99131,6.3000000000000003E-4,99099,59.7,99373,2.7E-4,99359,63.8,NA,6.3000000000000003E-4,2.7E-4,NA,3.7676176036077947E-4,4.8979028846901336E-4,6.3672737500971742E-4,8.2774558751263268E-4,1.0760692637664224E-3,5.2369884690148347E-4,6.8080850097192852E-4,8.850510512635072E-4,1.1505663666425594E-3,1.4957362766353272E-3,1.9131854544903137E-4,2.4871410908374077E-4,3.2332834180886307E-4,4.2032684435152202E-4,5.4642489765697859E-4,2.6593277817415362E-4,3.4571261162639973E-4,4.4942639511431963E-4,5.8425431364861563E-4,7.5953060774320029E-4
22,99068,6.3000000000000003E-4,99037,58.7,99346,2.7E-4,99333,62.8,NA,6.3000000000000003E-4,2.7E-4,NA,3.7676176036077947E-4,4.8979028846901336E-4,6.3672737500971742E-4,8.2774558751263268E-4,1.0760692637664224E-3,5.2369884690148347E-4,6.8080850097192852E-4,8.850510512635072E-4,1.1505663666425594E-3,1.4957362766353272E-3,1.9131854544903137E-4,2.4871410908374077E-4,3.2332834180886307E-4,4.2032684435152202E-4,5.4642489765697859E-4,2.6593277817415362E-4,3.4571261162639973E-4,4.4942639511431963E-4,5.8425431364861563E-4,7.5953060774320029E-4
23,99006,6.3000000000000003E-4,98975,57.8,99320,2.5999999999999998E-4,99307,61.9,NA,6.3000000000000003E-4,2.5999999999999998E-4,NA,3.7676176036077947E-4,4.8979028846901336E-4,6.3672737500971742E-4,8.2774558751263268E-4,1.0760692637664224E-3,5.2369884690148347E-4,6.8080850097192852E-4,8.850510512635072E-4,1.1505663666425594E-3,1.4957362766353272E-3,1.8423267339536353E-4,2.3950247541397259E-4,3.113532180381644E-4,4.0475918344961377E-4,5.261869384844979E-4,2.5608341601955528E-4,3.3290844082542188E-4,4.3278097307304848E-4,5.6261526499496307E-4,7.3139984449345193E-4
24,98944,6.4000000000000005E-4,98912,56.8,99294,2.5999999999999998E-4,99281,60.9,NA,6.4000000000000005E-4,2.5999999999999998E-4,NA,3.8274210576333157E-4,4.9756473749233102E-4,6.4683415874003045E-4,8.4088440636203969E-4,1.0931497282706515E-3,5.3201152701103083E-4,6.9161498511434015E-4,8.9909948064864219E-4,1.1688293248432349E-3,1.5194781222962054E-3,1.8423267339536353E-4,2.3950247541397259E-4,3.113532180381644E-4,4.0475918344961377E-4,5.261869384844979E-4,2.5608341601955528E-4,3.3290844082542188E-4,4.3278097307304848E-4,5.6261526499496307E-4,7.3139984449345193E-4
25,98880,6.7000000000000002E-4,98848,55.8,99268,2.5999999999999998E-4,99255,59.9,NA,6.7000000000000002E-4,2.5999999999999998E-4,NA,4.0068314197098774E-4,5.208880845622841E-4,6.7715450993096932E-4,8.8030086291026027E-4,1.1443911217833382E-3,5.569495673396729E-4,7.2403443754157483E-4,9.4124476880404727E-4,1.2236181994452616E-3,1.59070365927884E-3,1.8423267339536353E-4,2.3950247541397259E-4,3.113532180381644E-4,4.0475918344961377E-4,5.261869384844979E-4,2.5608341601955528E-4,3.3290844082542188E-4,4.3278097307304848E-4,5.6261526499496307E-4,7.3139984449345193E-4
26,98814,6.9999999999999999E-4,98780,54.9,99243,2.5999999999999998E-4,99230,58.9,NA,6.9999999999999999E-4,2.5999999999999998E-4,NA,4.1862417817864386E-4,5.4421143163223707E-4,7.0747486112190819E-4,9.1971731945848074E-4,1.1956325152960249E-3,5.8188760766831487E-4,7.564538899688094E-4,9.8339005695945213E-4,1.2784070740472881E-3,1.6619291962614744E-3,1.8423267339536353E-4,2.3950247541397259E-4,3.113532180381644E-4,4.0475918344961377E-4,5.261869384844979E-4,2.5608341601955528E-4,3.3290844082542188E-4,4.3278097307304848E-4,5.6261526499496307E-4,7.3139984449345193E-4
27,98745,7.2000000000000005E-4,98710,53.9,99217,2.7E-4,99204,57.9,NA,7.2000000000000005E-4,2.7E-4,NA,4.3058486898374799E-4,5.5976032967887238E-4,7.2768842858253414E-4,9.4599495715729453E-4,1.2297934443044828E-3,5.985129678874097E-4,7.7806685825363266E-4,1.0114869157297225E-3,1.3149329904486393E-3,1.7094128875832311E-3,1.9131854544903137E-4,2.4871410908374077E-4,3.2332834180886307E-4,4.2032684435152202E-4,5.4642489765697859E-4,2.6593277817415362E-4,3.4571261162639973E-4,4.4942639511431963E-4,5.8425431364861563E-4,7.5953060774320029E-4
28,98674,7.3999999999999999E-4,98637,53,99190,2.9E-4,99176,56.9,NA,7.3999999999999999E-4,2.9E-4,NA,4.4254555978885207E-4,5.753092277255077E-4,7.4790199604316009E-4,9.7227259485610821E-4,1.2639543733129405E-3,6.1513832810650431E-4,7.996798265384556E-4,1.0395837744999923E-3,1.3514589068499903E-3,1.7568965789049873E-3,2.0549028955636701E-4,2.6713737642327712E-4,3.4727858935026029E-4,4.5146216615533843E-4,5.8690081600193996E-4,2.8563150248335013E-4,3.7132095322835515E-4,4.8271723919686177E-4,6.2753241095592032E-4,8.1579213424269647E-4
29,98600,7.6000000000000004E-4,98563,52,99162,3.2000000000000003E-4,99146,55.9,NA,7.6000000000000004E-4,3.2000000000000003E-4,NA,4.5450625059395626E-4,5.9085812577214312E-4,7.6811556350378615E-4,9.9855023255492211E-4,1.2981153023213987E-3,6.3176368832559913E-4,8.2129279482327886E-4,1.0676806332702627E-3,1.3879848232513415E-3,1.8043802702267439E-3,2.2674790571737053E-4,2.9477227743258168E-4,3.8320396066235623E-4,4.9816514886106319E-4,6.4761469351938214E-4,3.1517958894714503E-4,4.0973346563128853E-4,5.3265350532067518E-4,6.9244955691687778E-4,9.0018442399194111E-4
30,98525,7.9000000000000001E-4,98487,51,99130,3.6000000000000002E-4,99113,55,NA,7.9000000000000001E-4,3.6000000000000002E-4,NA,4.7244728680161238E-4,6.1418147284209609E-4,7.9843591469472503E-4,1.0379666891031426E-3,1.3493566958340854E-3,6.5670172865424121E-4,8.5371224725051364E-4,1.1098259214256678E-3,1.4427736978533683E-3,1.8756058072093786E-3,2.5509139393204181E-4,3.316188121116544E-4,4.3110445574515068E-4,5.6043579246869599E-4,7.2856653020930478E-4,3.545770375655381E-4,4.6095014883519955E-4,5.9923519348575947E-4,7.7900575153148736E-4,1.0127074769909336E-3
31,98448,8.1999999999999998E-4,98407,50.1,99094,4.0000000000000002E-4,99075,54,NA,8.1999999999999998E-4,4.0000000000000002E-4,NA,4.9038832300926855E-4,6.3750481991204917E-4,8.287562658856639E-4,1.0773831456513633E-3,1.4005980893467722E-3,6.8163976898288328E-4,8.8613169967774832E-4,1.1519712095810729E-3,1.497562572455395E-3,1.9468313441920132E-3,2.8343488214671315E-4,3.6846534679072711E-4,4.7900495082794529E-4,6.2270643607632891E-4,8.0951836689922754E-4,3.9397448618393123E-4,5.1216683203911067E-4,6.6581688165084387E-4,8.6556194614609706E-4,1.1252305299899261E-3
32,98367,8.5999999999999998E-4,98325,49.1,99054,4.2999999999999999E-4,99033,53,NA,8.5999999999999998E-4,4.2999999999999999E-4,NA,5.1430970461947671E-4,6.686026160053198E-4,8.6918340080691569E-4,1.1299384210489906E-3,1.4689199473636877E-3,7.1489048942107261E-4,9.2935763624739441E-4,1.2081649271216128E-3,1.570614405258097E-3,2.0417987268355258E-3,3.0469249830771661E-4,3.9610024780003161E-4,5.1493032214004113E-4,6.6940941878205356E-4,8.702322444166696E-4,4.2352257264772607E-4,5.5057934444204394E-4,7.1575314777465716E-4,9.3047909210705441E-4,1.2096228197391707E-3
33,98282,9.1E-4,98238,48.2,99011,4.4999999999999999E-4,98989,52,NA,9.1E-4,4.4999999999999999E-4,NA,5.4421143163223707E-4,7.0747486112190819E-4,9.1971731945848074E-4,1.1956325152960251E-3,1.5543222698848325E-3,7.5645388996880951E-4,9.8339005695945235E-4,1.2784070740472881E-3,1.6619291962614749E-3,2.1605079551399171E-3,3.1886424241505225E-4,4.1452351513956797E-4,5.3888056968143835E-4,7.0054474058586997E-4,9.1070816276163087E-4,4.4322129695692258E-4,5.7618768604399942E-4,7.4904399185719926E-4,9.737571894143591E-4,1.2658843462386668E-3
34,98193,9.5E-4,98146,47.2,98966,4.6999999999999999E-4,98943,51.1,NA,9.5E-4,4.6999999999999999E-4,NA,5.6813281324244523E-4,7.3857265721517882E-4,9.6014445437973253E-4,1.2481877906936525E-3,1.6226441279017481E-3,7.8970461040699883E-4,1.0266159935290984E-3,1.3346007915878281E-3,1.7349810290641769E-3,2.25547533778343E-3,3.3303598652238789E-4,4.3294678247910427E-4,5.6283081722283558E-4,7.3168006238968637E-4,9.5118408110659225E-4,4.6292002126611915E-4,6.017960276459549E-4,7.8233483593974145E-4,1.0170352867216641E-3,1.322145872738163E-3
35,98099,1E-3,98050,46.2,98919,5.0000000000000001E-4,98895,50.1,NA,1E-3,5.0000000000000001E-4,NA,5.9803454025520548E-4,7.774449023317671E-4,1.0106783730312974E-3,1.3138818849406867E-3,1.7080464504228927E-3,8.3126801095473552E-4,1.0806484142411562E-3,1.4048429385135031E-3,1.8262958200675544E-3,2.3741845660878204E-3,3.5429360268339141E-4,4.6058168348840883E-4,5.9875618853493157E-4,7.7838304509541113E-4,1.0118979586240344E-3,4.9246810772991399E-4,6.4020854004888817E-4,8.3227110206355475E-4,1.0819524326826212E-3,1.4065381624874076E-3
36,98001,1.0499999999999999E-3,97949,45.3,98870,5.4000000000000001E-4,98844,49.1,NA,1.0499999999999999E-3,5.4000000000000001E-4,NA,6.2793626726796573E-4,8.163171474483555E-4,1.0612122916828623E-3,1.379575979187721E-3,1.7934487729440373E-3,8.7283141150247231E-4,1.1346808349532141E-3,1.4750850854391784E-3,1.9176106110709321E-3,2.4928937943922117E-3,3.8263709089806275E-4,4.9742821816748154E-4,6.4665668361772613E-4,8.4065368870304405E-4,1.0928497953139572E-3,5.3186555634830723E-4,6.9142522325279945E-4,8.9885279022863926E-4,1.1685086272972313E-3,1.5190612154864006E-3
37,97897,1.1100000000000001E-3,97843,44.3,98816,5.9999999999999995E-4,98787,48.1,NA,1.1100000000000001E-3,5.9999999999999995E-4,NA,6.6381833968327819E-4,8.6296384158826166E-4,1.1218529940647403E-3,1.4584088922841626E-3,1.8959315599694111E-3,9.2270749215975657E-4,1.1995197398076837E-3,1.5593756617499888E-3,2.0271883602749857E-3,2.6353448683574814E-3,4.2515232322006967E-4,5.5269802018609055E-4,7.185074262419178E-4,9.3405965411449325E-4,1.2142775503488413E-3,5.9096172927589681E-4,7.6825024805866589E-4,9.9872532247626575E-4,1.2983429192191455E-3,1.6878457949848892E-3
38,97789,1.1800000000000001E-3,97732,43.4,98757,6.6E-4,98725,47.2,NA,1.1800000000000001E-3,6.6E-4,NA,7.0568075750114263E-4,9.1738498475148547E-4,1.1926004801769312E-3,1.5503806242300106E-3,2.0154948114990139E-3,9.8089625292658829E-4,1.2751651288045649E-3,1.6577146674459345E-3,2.1550290676797148E-3,2.8015377879836295E-3,4.6766755554207665E-4,6.0796782220469967E-4,7.9035816886610958E-4,1.0274656195259427E-3,1.3357053053837254E-3,6.5005790220348651E-4,8.4507527286453244E-4,1.0985978547238923E-3,1.4281772111410602E-3,1.8566303744833781E-3
39,97673,1.25E-3,97613,42.4,98692,7.2000000000000005E-4,98657,46.2,NA,1.25E-3,7.2000000000000005E-4,NA,7.4754317531900685E-4,9.7180612791470896E-4,1.2633479662891218E-3,1.6423523561758585E-3,2.1350580630286158E-3,1.0390850136934194E-3,1.3508105178014452E-3,1.7560536731418789E-3,2.2828697750844427E-3,2.9677307076097755E-3,5.1018278786408363E-4,6.6323762422330879E-4,8.6220891149030136E-4,1.120871584937392E-3,1.4571330604186096E-3,7.091540751310762E-4,9.2190029767039909E-4,1.1984703869715189E-3,1.5580115030629747E-3,2.0254149539818671E-3
40,97551,1.34E-3,97486,41.5,98621,7.9000000000000001E-4,98583,45.2,NA,1.34E-3,7.9000000000000001E-4,NA,8.0136628394197548E-4,1.0417761691245682E-3,1.3543090198619386E-3,1.7606017258205205E-3,2.2887822435666764E-3,1.1138991346793458E-3,1.4480688750831497E-3,1.8824895376080945E-3,2.4472363988905232E-3,3.18140731855768E-3,5.5978389223975843E-4,7.2771905991168601E-4,9.4603477788519181E-4,1.2298452112507496E-3,1.5987987746259743E-3,7.7809961021326412E-4,1.0115294932772434E-3,1.3149883412604164E-3,1.7094848436385417E-3,2.2223302967301043E-3
41,97420,1.4300000000000001E-3,97352,40.5,98544,8.5999999999999998E-4,98502,44.3,NA,1.4300000000000001E-3,8.5999999999999998E-4,NA,8.5518939256494389E-4,1.111746210334427E-3,1.4452700734347553E-3,1.8788510954651822E-3,2.4425064241047367E-3,1.1887132556652718E-3,1.5453272323648535E-3,2.0089254020743096E-3,2.6116030226966029E-3,3.3950839295055833E-3,6.0938499661543322E-4,7.9220049560006322E-4,1.0298606442800823E-3,1.3388188375641071E-3,1.7404644888333392E-3,8.4704514529545215E-4,1.1011586888840879E-3,1.4315062955493143E-3,1.8609581842141088E-3,2.4192456394783414E-3
42,97281,1.5299999999999999E-3,97208,39.6,98459,9.3000000000000005E-4,98414,43.3,NA,1.5299999999999999E-3,9.3000000000000005E-4,NA,9.1499284659046429E-4,1.1894907005676036E-3,1.5463379107378849E-3,2.0102392839592507E-3,2.6133110691470255E-3,1.2718400567607452E-3,1.6533920737889687E-3,2.1494096959256597E-3,2.7942326047033579E-3,3.632502386114365E-3,6.5898610099110802E-4,8.5668193128844044E-4,1.1136865106749726E-3,1.4477924638774647E-3,1.8821302030407039E-3,9.1599068037764007E-4,1.1907878844909321E-3,1.5480242498382118E-3,2.0124315247896755E-3,2.6161609822265785E-3
43,97132,1.65E-3,97053,38.700000000000003,98367,1.0200000000000001E-3,98318,42.3,NA,1.65E-3,1.0200000000000001E-3,NA,9.867569914210892E-4,1.2827840888474161E-3,1.6676193155016408E-3,2.1679051101521334E-3,2.8182766431977735E-3,1.3715922180753139E-3,1.7830698834979081E-3,2.3179908485472809E-3,3.0133881031114652E-3,3.9174045340449049E-3,7.2275894947411857E-4,9.3958663431635418E-4,1.2214626246112605E-3,1.5879014119946388E-3,2.0642718355930304E-3,1.0046349397690247E-3,1.3060254216997321E-3,1.6978330482096519E-3,2.2071829626725478E-3,2.8693378514743116E-3
44,96972,1.7799999999999999E-3,96887,37.700000000000003,98267,1.1100000000000001E-3,98214,41.4,NA,1.7799999999999999E-3,1.1100000000000001E-3,NA,1.0645014816542658E-3,1.3838519261505455E-3,1.7990075039957094E-3,2.3387097551944226E-3,3.0403226817527491E-3,1.4796570594994294E-3,1.9235541773492582E-3,2.5006204305540358E-3,3.2508065597202469E-3,4.2260485276363214E-3,7.8653179795712901E-4,1.0224913373442677E-3,1.3292387385475482E-3,1.7280103601118129E-3,2.2464134681453567E-3,1.0932791991604093E-3,1.4212629589085322E-3,1.8476418465810918E-3,2.4019344005554197E-3,3.1225147207220453E-3
45,96800,1.92E-3,96708,36.799999999999997,98158,1.2099999999999999E-3,98100,40.4,NA,1.92E-3,1.2099999999999999E-3,NA,1.1482263172899946E-3,1.4926942124769932E-3,1.9405024762200911E-3,2.5226532190861187E-3,3.2794491848119542E-3,1.5960345810330924E-3,2.0748449553430201E-3,2.6972984419459264E-3,3.5064879745297047E-3,4.5584343668886159E-3,8.5739051849380711E-4,1.1146076740419493E-3,1.4489899762545342E-3,1.8836869691308948E-3,2.448793059870163E-3,1.1917728207063917E-3,1.5493046669183093E-3,2.0140960669938024E-3,2.6183248870919433E-3,3.403822353219526E-3
46,96614,2.0799999999999998E-3,96515,35.9,98040,1.31E-3,97977,39.5,NA,2.0799999999999998E-3,1.31E-3,NA,1.2439118437308275E-3,1.6170853968500759E-3,2.1022110159050985E-3,2.7328743206766286E-3,3.5527366168796172E-3,1.7290374627858501E-3,2.2477487016216054E-3,2.9220733121080871E-3,3.7986953057405136E-3,4.9383038974626673E-3,9.2824923903048542E-4,1.2067240107396311E-3,1.5687412139615206E-3,2.0393635781499769E-3,2.6511726515949701E-3,1.2902664422523747E-3,1.6773463749280872E-3,2.1805502874065134E-3,2.8347153736284678E-3,3.6851299857170081E-3
47,96413,2.2599999999999999E-3,96305,34.9,97912,1.42E-3,97843,38.5,NA,2.2599999999999999E-3,1.42E-3,NA,1.3515580609767643E-3,1.7570254792697937E-3,2.2841331230507318E-3,2.9693730599659519E-3,3.8601849779557372E-3,1.8786657047577023E-3,2.442265416185013E-3,3.1749450410405171E-3,4.1274285533526734E-3,5.3656571193584747E-3,1.0061938316208317E-3,1.3080519811070814E-3,1.7004675754392058E-3,2.2106078480709679E-3,2.873790202492258E-3,1.3986094259529559E-3,1.8181922537388428E-3,2.3636499298604957E-3,3.072744908818645E-3,3.9945683814642382E-3
48,96195,2.4599999999999999E-3,96078,34,97773,1.5399999999999999E-3,97698,37.6,NA,2.4599999999999999E-3,1.5399999999999999E-3,NA,1.4711649690278055E-3,1.9125144597361473E-3,2.4862687976569915E-3,3.2321494369540894E-3,4.2017942680403165E-3,2.0449193069486497E-3,2.6583950990332447E-3,3.4559136287432182E-3,4.4926877173661842E-3,5.8404940325760398E-3,1.0912242962648456E-3,1.4185915851442992E-3,1.8441690606875892E-3,2.3974197788938661E-3,3.1166457125620258E-3,1.5168017718081353E-3,1.9718423033505761E-3,2.5633949943557489E-3,3.332413492662474E-3,4.3321375404612164E-3
49,95959,2.6700000000000001E-3,95832,33.1,97622,1.67E-3,97542,36.6,NA,2.6700000000000001E-3,1.67E-3,NA,1.5967522224813986E-3,2.0757778892258184E-3,2.6985112559935638E-3,3.5080646327916337E-3,4.5604840226291235E-3,2.219485589249144E-3,2.8853312660238875E-3,3.750930645831054E-3,4.8762098395803708E-3,6.3390727914544812E-3,1.1833406329625274E-3,1.5383428228512856E-3,1.9998456697066713E-3,2.5997993706186732E-3,3.3797391818042753E-3,1.644843479817913E-3,2.1382965237632871E-3,2.7797854808922734E-3,3.6137211251599556E-3,4.6978374627079421E-3
50,95702,2.9099999999999998E-3,95565,32.200000000000003,97460,1.8E-3,97373,35.700000000000003,NA,2.9099999999999998E-3,1.8E-3,NA,1.740280512142648E-3,2.2623646657854426E-3,2.9410740655210757E-3,3.8233962851773988E-3,4.9704151707306177E-3,2.4189899118782806E-3,3.1446868854417649E-3,4.0880929510742946E-3,5.3145208363965836E-3,6.9088770873155583E-3,1.275456969660209E-3,1.6580940605582719E-3,2.1555222787257534E-3,2.8021789623434799E-3,3.6428326510465235E-3,1.7728851878276903E-3,2.3047507441759977E-3,2.996175967428797E-3,3.8950287576574364E-3,5.063537384954667E-3
51,95424,3.16E-3,95275,31.3,97284,1.9499999999999999E-3,97190,34.799999999999997,NA,3.16E-3,1.9499999999999999E-3,NA,1.8897891472064495E-3,2.4567258913683844E-3,3.1937436587789001E-3,4.1518667564125703E-3,5.3974267833363414E-3,2.6268069146169648E-3,3.4148489890020546E-3,4.4393036857026712E-3,5.771094791413473E-3,7.5024232288375143E-3,1.3817450504652264E-3,1.7962685656047943E-3,2.3351491352862326E-3,3.035693875872103E-3,3.9464020386337341E-3,1.9206256201466645E-3,2.496813306190664E-3,3.2458572980478633E-3,4.2196144874622225E-3,5.4854988337008897E-3
52,95123,3.4399999999999999E-3,94961,30.4,97094,2.1199999999999999E-3,96993,33.799999999999997,NA,3.4399999999999999E-3,2.1199999999999999E-3,NA,2.0572388184779068E-3,2.6744104640212792E-3,3.4767336032276628E-3,4.5197536841959625E-3,5.8756797894547507E-3,2.8595619576842904E-3,3.7174305449895776E-3,4.8326597084864514E-3,6.2824576210323878E-3,8.1671949073421034E-3,1.5022048753775795E-3,1.9528663379908533E-3,2.5387262393881094E-3,3.3003441112045427E-3,4.2904473445659055E-3,2.0880647767748351E-3,2.7144842098072858E-3,3.5288294727494718E-3,4.5874783145743135E-3,5.9637218089466076E-3
53,94795,3.7499999999999999E-3,94620,29.5,96889,2.2899999999999999E-3,96779,32.9,NA,3.7499999999999999E-3,2.2899999999999999E-3,NA,2.2426295259570209E-3,2.9154183837441271E-3,3.7900438988673658E-3,4.9270570685275763E-3,6.4051741890858481E-3,3.1172550410802588E-3,4.0524315534043367E-3,5.2681610194256377E-3,6.8486093252533298E-3,8.903192122829329E-3,1.6226647002899326E-3,2.1094641103769126E-3,2.7423033434899862E-3,3.5649943465369829E-3,4.6344926504980778E-3,2.2555039334030062E-3,2.9321551134239084E-3,3.8118016474510807E-3,4.9553421416864054E-3,6.4419447841923272E-3
54,94440,4.0699999999999998E-3,94250,28.6,96666,2.49E-3,96548,32,NA,4.0699999999999998E-3,2.49E-3,NA,2.4340005788386861E-3,3.1642007524902921E-3,4.1134609782373802E-3,5.3474992717085943E-3,6.9517490532211724E-3,3.3832608045857734E-3,4.3982390459615054E-3,5.7177107597499574E-3,7.4330239876749457E-3,9.6629311839774284E-3,1.7643821413632892E-3,2.2936967837722763E-3,2.9818058189039591E-3,3.8763475645751475E-3,5.0392518339476911E-3,2.4524911764949721E-3,3.1882385294434638E-3,4.1447100882765035E-3,5.3881231147594553E-3,7.0045600491872913E-3
55,94055,4.4299999999999999E-3,93850,27.7,96426,2.7000000000000001E-3,96297,31,NA,4.4299999999999999E-3,2.7000000000000001E-3,NA,2.6492930133305602E-3,3.4440809173297282E-3,4.4773051925286475E-3,5.8204967502872426E-3,7.5666457753734142E-3,3.6825172885294783E-3,4.7872724750883215E-3,6.2234542176148192E-3,8.0904904828992662E-3,1.0517637627769045E-2,1.9131854544903136E-3,2.4871410908374079E-3,3.2332834180886305E-3,4.2032684435152198E-3,5.4642489765697856E-3,2.6593277817415356E-3,3.4571261162639963E-3,4.4942639511431955E-3,5.8425431364861552E-3,7.5953060774320014E-3
56,93639,4.81E-3,93416,26.8,96165,2.9399999999999999E-3,96026,30.1,NA,4.81E-3,2.9399999999999999E-3,NA,2.8765461386275385E-3,3.7395099802158003E-3,4.8613629742805409E-3,6.3197718665647037E-3,8.2157034265341149E-3,3.9983991326922779E-3,5.1979188724999613E-3,6.7572945342499503E-3,8.7844828945249365E-3,1.1419827762882417E-2,2.0832463837783415E-3,2.708220298911844E-3,3.5206863885853977E-3,4.5768923051610171E-3,5.9499599967093222E-3,2.8957124734518944E-3,3.7644262154874629E-3,4.8937540801337019E-3,6.3618803041738132E-3,8.2704443954259577E-3
57,93188,5.2399999999999999E-3,92947,25.9,95882,3.1900000000000001E-3,95731,29.2,NA,5.2399999999999999E-3,3.1900000000000001E-3,NA,3.1337009909372768E-3,4.0738112882184596E-3,5.2959546746839982E-3,6.8847410770891985E-3,8.9501634002159582E-3,4.3558443774028141E-3,5.6625976906236582E-3,7.3613769978107561E-3,9.5697900971539844E-3,1.2440727126300179E-2,2.2603931851200372E-3,2.9385111406560484E-3,3.8200644828528633E-3,4.9660838277087232E-3,6.4559089760213399E-3,3.1419465273168517E-3,4.084530485511907E-3,5.3098896311654801E-3,6.9028565205151247E-3,8.9737134766696616E-3
58,92700,5.7000000000000002E-3,92439,25.1,95576,3.47E-3,95412,28.3,NA,5.7000000000000002E-3,3.47E-3,NA,3.4087968794546714E-3,4.4314359432910729E-3,5.760866726278395E-3,7.4891267441619148E-3,9.7358647674104879E-3,4.738227662441993E-3,6.1596959611745911E-3,8.0076047495269698E-3,1.040988617438506E-2,1.3532852026700579E-2,2.4587976026227364E-3,3.1964368834095573E-3,4.1553679484324247E-3,5.4019783329621535E-3,7.0225718328507988E-3,3.4177286676456034E-3,4.4430472679392848E-3,5.77596144832107E-3,7.5087498828173924E-3,9.76137484766261E-3
59,92171,6.2100000000000002E-3,91889,24.2,95244,3.7799999999999999E-3,95066,27.4,NA,6.2100000000000002E-3,3.7799999999999999E-3,NA,3.7137944949848264E-3,4.8279328434802744E-3,6.2763126965243573E-3,8.1592065054816656E-3,1.0606968457126165E-2,5.1621743480289081E-3,6.710826652437581E-3,8.7240746481688555E-3,1.1341297042619514E-2,1.4743686155405366E-2,2.6784596362864391E-3,3.481997527172371E-3,4.5265967853240826E-3,5.8845758209213079E-3,7.6499485671977004E-3,3.7230588944381503E-3,4.8399765627695959E-3,6.2919695316004743E-3,8.1795603910806182E-3,1.0633428508404803E-2
60,91599,6.7799999999999996E-3,91292,23.4,94884,4.1099999999999999E-3,94692,26.5,NA,6.7799999999999996E-3,4.1099999999999999E-3,NA,4.0546741829302927E-3,5.2710764378093812E-3,6.8523993691521953E-3,8.9081191798978544E-3,1.1580554933867211E-2,5.6359971142731068E-3,7.3267962485550394E-3,9.5248351231215517E-3,1.2382285660058018E-2,1.6096971358075425E-2,2.9122934140574774E-3,3.7859814382747207E-3,4.9217758697571376E-3,6.3983086306842792E-3,8.3178012198895628E-3,4.048087845539893E-3,5.262514199201861E-3,6.8412684589624195E-3,8.8936489966511476E-3,1.1561743695646491E-2
61,90978,7.4000000000000003E-3,90646,22.5,94494,4.47E-3,94285,25.6,NA,7.4000000000000003E-3,4.47E-3,NA,4.4254555978885208E-3,5.753092277255077E-3,7.4790199604316005E-3,9.7227259485610819E-3,1.2639543733129407E-2,6.1513832810650435E-3,7.9967982653845575E-3,1.0395837744999924E-2,1.3514589068499904E-2,1.7568965789049873E-2,3.1673848079895191E-3,4.1176002503863747E-3,5.3528803255022883E-3,6.9587444231529755E-3,9.046367750098868E-3,4.4026648831054314E-3,5.7234643480370611E-3,7.4405036524481799E-3,9.6726547481826349E-3,1.2574451172637426E-2
62,90304,8.09E-3,89944,21.7,94071,4.8599999999999997E-3,93845,24.7,NA,8.09E-3,4.8599999999999997E-3,NA,4.8380994306646127E-3,6.2895292598639969E-3,8.1763880378231957E-3,1.0629304449170157E-2,1.3818095783921203E-2,6.7249582086238114E-3,8.7424456712109546E-3,1.1365179372574242E-2,1.4774733184346517E-2,1.9207153139650473E-2,3.4437338180825644E-3,4.4768539635073341E-3,5.8199101525595346E-3,7.565883198327396E-3,9.8356481578256143E-3,4.7867900071347641E-3,6.2228270092751937E-3,8.089675112057753E-3,1.0516577645675079E-2,1.3671550939377603E-2
63,89574,8.8400000000000006E-3,89184,20.9,93614,5.2900000000000004E-3,93369,23.8,NA,8.8400000000000006E-3,5.2900000000000004E-3,NA,5.2866253358560171E-3,6.8726129366128222E-3,8.9343968175966699E-3,1.1614715862875673E-2,1.5099130621738373E-2,7.3484092168398631E-3,9.5529319818918219E-3,1.241881157645937E-2,1.6144455049397183E-2,2.0987791564216336E-2,3.7484263163902816E-3,4.8729542113073662E-3,6.334840474699577E-3,8.2352926171094503E-3,1.0705880402242286E-2,5.210312579782491E-3,6.7734063537172387E-3,8.8054282598324114E-3,1.1447056737782136E-2,1.4881173759116776E-2
64,88782,9.6799999999999994E-3,88358,20,93119,5.7499999999999999E-3,92855,23,NA,9.6799999999999994E-3,5.7499999999999999E-3,NA,5.7889743496703887E-3,7.5256666545715058E-3,9.7833666509429575E-3,1.2718376646225847E-2,1.6533889640093599E-2,8.0466743460418395E-3,1.0460676649854391E-2,1.359887964481071E-2,1.7678543538253925E-2,2.2982106599730101E-2,4.0743764308590015E-3,5.2966893601167023E-3,6.8856961681517132E-3,8.9514050185972287E-3,1.1636826524176396E-2,5.6633832388940115E-3,7.3623982105622153E-3,9.5711176737308806E-3,1.2442452975850147E-2,1.6175188868605188E-2
65,87923,1.06E-2,87463,19.2,92584,6.2599999999999999E-3,92298,22.1,NA,1.06E-2,6.2599999999999999E-3,NA,6.3391661267051778E-3,8.2409159647167315E-3,1.0713190754131751E-2,1.392714798037128E-2,1.8105292374482662E-2,8.8114409161201973E-3,1.1454873190956257E-2,1.4891335148243135E-2,1.9358735692716077E-2,2.5166356400530901E-2,4.4357559055960604E-3,5.7664826772748784E-3,7.4964274804573431E-3,9.7453557245945465E-3,1.266896244197291E-2,6.1657007087785234E-3,8.0154109214120809E-3,1.0420034197835706E-2,1.3546044457186419E-2,1.7609857794342345E-2
66,86991,1.163E-2,86492,18.399999999999999,92005,6.8300000000000001E-3,91695,21.2,NA,1.163E-2,6.8300000000000001E-3,NA,6.95514170316804E-3,9.0416842141184516E-3,1.1754189478353988E-2,1.5280446321860187E-2,1.9864580218418242E-2,9.6676469674035741E-3,1.2567941057624647E-2,1.6338323374912041E-2,2.1239820387385658E-2,2.7611766503601354E-2,4.8396506126551263E-3,6.2915457964516641E-3,8.1790095353871644E-3,1.0632712396003314E-2,1.3822526114804308E-2,6.7271143515906249E-3,8.7452486570678122E-3,1.1368823254188157E-2,1.4779470230444606E-2,1.9213311299577988E-2
67,85979,1.2749999999999999E-2,85438,17.600000000000001,91376,7.4999999999999997E-3,91038,20.399999999999999,NA,1.2749999999999999E-2,7.4999999999999997E-3,NA,7.6249403882538693E-3,9.9124225047300309E-3,1.2886149256149041E-2,1.6751994032993756E-2,2.1777592242891879E-2,1.0598667139672878E-2,1.3778267281574743E-2,1.7911747466047165E-2,2.3285271705861321E-2,3.0270853217619714E-2,5.3144040402508712E-3,6.9087252523261332E-3,8.9813428280239738E-3,1.1675745676431168E-2,1.5178469379360515E-2,7.3870216159487101E-3,9.6031281007333234E-3,1.2484066530953321E-2,1.622928649023932E-2,2.1098072437311113E-2
68,84883,1.3990000000000001E-2,84297,16.899999999999999,90691,8.2699999999999996E-3,90321,19.5,NA,1.3990000000000001E-2,8.2699999999999996E-3,NA,8.3665032181703264E-3,1.0876454183621424E-2,1.4139390438707853E-2,1.8381207570320211E-2,2.3895569841416272E-2,1.1629439473256753E-2,1.5118271315233779E-2,1.9653752709803914E-2,2.5549878522745092E-2,3.3214842079568617E-2,5.8600161883832933E-3,7.6180210448982813E-3,9.9034273583677671E-3,1.2874455565878098E-2,1.6736792235641527E-2,8.1454225018527775E-3,1.0589049252408611E-2,1.3765764028131195E-2,1.7895493236570557E-2,2.3264141207541722E-2
69,83695,1.536E-2,83061,16.100000000000001,89941,9.1599999999999997E-3,89535,18.7,NA,1.536E-2,9.1599999999999997E-3,NA,9.1858105383199572E-3,1.1941553699815945E-2,1.5524019809760729E-2,2.018122575268895E-2,2.6235593478495634E-2,1.2768276648264739E-2,1.6598759642744161E-2,2.1578387535567411E-2,2.8051903796237638E-2,3.6467474935108928E-2,6.4906588011597304E-3,8.4378564415076504E-3,1.0969213373959945E-2,1.4259977386147931E-2,1.8537970601992311E-2,9.0220157336120248E-3,1.1728620453695634E-2,1.5247206589804323E-2,1.9821368566745622E-2,2.5767779136769309E-2
70,82409,1.6899999999999998E-2,81722,15.3,89117,1.0189999999999999E-2,88670,17.899999999999999,NA,1.6899999999999998E-2,1.0189999999999999E-2,NA,1.0106783730312973E-2,1.3138818849406864E-2,1.7080464504228926E-2,2.2204603855497607E-2,2.8865985012146888E-2,1.4048429385135031E-2,1.8262958200675541E-2,2.3741845660878204E-2,3.0864399359141668E-2,4.0123719166884168E-2,7.2205036226875166E-3,9.3866547094937722E-3,1.2202651122341904E-2,1.5863446459044479E-2,2.062248039675782E-2,1.0036500035535648E-2,1.3047450046196342E-2,1.6961685060055246E-2,2.2050190578071824E-2,2.8665247751493369E-2
71,81016,1.865E-2,80271,14.6,88209,1.1379999999999999E-2,87715,17,NA,1.865E-2,1.1379999999999999E-2,NA,1.1153344175759581E-2,1.4499347428487457E-2,1.8849151657033693E-2,2.4503897154143806E-2,3.1855066300386946E-2,1.5503148404305818E-2,2.0154092925597562E-2,2.6200320803276833E-2,3.406041704425989E-2,4.4278542157537855E-2,8.0637223970739889E-3,1.0482839116196185E-2,1.3627690851055042E-2,1.7715998106371558E-2,2.3030797538283024E-2,1.1208574131932844E-2,1.4571146371512697E-2,1.8942490282966507E-2,2.4625237367856462E-2,3.2012808578213404E-2
72,79505,2.0660000000000001E-2,78695,13.9,87205,1.274E-2,86659,16.2,NA,2.0660000000000001E-2,1.274E-2,NA,1.2355393601672546E-2,1.6062011682174311E-2,2.0880615186826604E-2,2.7144799742874589E-2,3.5288239665736965E-2,1.7173997106324838E-2,2.2326196238222289E-2,2.902405510968898E-2,3.7731271642595675E-2,4.9050653135374378E-2,9.027400996372812E-3,1.1735621295284656E-2,1.5256307683870055E-2,1.9833199989031072E-2,2.5783159985740392E-2,1.2548087384958207E-2,1.631251360044567E-2,2.1206267680579372E-2,2.7568147984753186E-2,3.5838592380179141E-2
73,77862,2.298E-2,76980,13.1,86095,1.4279999999999999E-2,85490,15.4,NA,2.298E-2,1.4279999999999999E-2,NA,1.3742833735064623E-2,1.786568385558401E-2,2.3225389012259217E-2,3.0193005715936985E-2,3.9250907430718081E-2,1.9102538891739827E-2,2.4833300559261775E-2,3.2283290727040309E-2,4.1968277945152406E-2,5.4558761328698129E-2,1.0118625292637658E-2,1.3154212880428956E-2,1.7100476744557645E-2,2.2230619767924939E-2,2.889980569830242E-2,1.4064889156766344E-2,1.8284355903796248E-2,2.3769662674935122E-2,3.0900561477415663E-2,4.0170729920640358E-2
74,76073,2.564E-2,75112,12.4,84865,1.5980000000000001E-2,84198,14.6,NA,2.564E-2,1.5980000000000001E-2,NA,1.533360561214347E-2,1.9933687295786512E-2,2.5913793484522465E-2,3.3687931529879214E-2,4.3794310988842969E-2,2.1313711800879421E-2,2.7707825341143247E-2,3.6020172943486223E-2,4.6826224826532099E-2,6.0874092274491726E-2,1.132322354176119E-2,1.4720190604289548E-2,1.9136247785576412E-2,2.4877122121249342E-2,3.2340258757624141E-2,1.5739280723048053E-2,2.046106493996247E-2,2.6599384421951214E-2,3.4579199748536578E-2,4.4952959673097551E-2
75,74122,2.869E-2,73074,11.8,83509,1.7829999999999999E-2,82776,13.9,NA,2.869E-2,1.7829999999999999E-2,NA,1.7157610959921847E-2,2.2304894247898402E-2,2.8996362522267925E-2,3.7695271278948304E-2,4.9003852662632796E-2,2.3849079234291366E-2,3.1003803004578778E-2,4.0304943905952413E-2,5.2396427077738145E-2,6.8115355201059588E-2,1.2634109871689737E-2,1.6424342833196659E-2,2.1351645683155656E-2,2.7757139388102359E-2,3.6084281204533067E-2,1.7561412721648732E-2,2.2829836538143352E-2,2.967878749958636E-2,3.8582423749462275E-2,5.0157150874300956E-2
76,71995,3.218E-2,70853,11.1,82020,1.992E-2,81215,13.1,NA,3.218E-2,1.992E-2,NA,1.9244751505412511E-2,2.5018176957036266E-2,3.2523630044147149E-2,4.2280719057391294E-2,5.4964934774608683E-2,2.6750204592523388E-2,3.4775265970280404E-2,4.520784576136453E-2,5.8770199489773897E-2,7.6401259336706065E-2,1.4115057130906314E-2,1.834957427017821E-2,2.3854446551231673E-2,3.101078051660118E-2,4.0314014671581529E-2,1.9619929411959777E-2,2.5505908235547711E-2,3.3157680706212028E-2,4.3104984918075642E-2,5.6036480393498331E-2
77,69679,3.6139999999999999E-2,68437,10.4,80386,2.2349999999999998E-2,79502,12.4,NA,3.6139999999999999E-2,2.2349999999999998E-2,NA,2.1612968284823127E-2,2.8096858770270065E-2,3.652591640135109E-2,4.7483691321756422E-2,6.1728798718283344E-2,3.0042025915904144E-2,3.905463369067539E-2,5.0771023797878012E-2,6.6002330937241421E-2,8.5803030218413845E-2,1.5836924039947596E-2,2.0588001251931876E-2,2.6764401627511439E-2,3.4793722115764876E-2,4.5231838750494337E-2,2.2013324415527159E-2,2.8617321740185307E-2,3.72025182622409E-2,4.8363273740913176E-2,6.2872255863187135E-2
78,67160,4.061E-2,65814,9.8000000000000007,78589,2.5229999999999999E-2,77614,11.6,NA,4.061E-2,2.5229999999999999E-2,NA,2.4286182679763898E-2,3.1572037483693069E-2,4.1043648728800994E-2,5.3356743347441296E-2,6.9363766351673684E-2,3.3757793924871812E-2,4.3885132102333357E-2,5.7050671733033367E-2,7.4165873252943396E-2,9.6415635228826402E-2,1.787765519140393E-2,2.3240951748825109E-2,3.0213237273472644E-2,3.9277208455514447E-2,5.1060370992168772E-2,2.4849940716051462E-2,3.2304922930866904E-2,4.1996399810126976E-2,5.4595319753165075E-2,7.0973915679114596E-2
79,64433,4.564E-2,62980,9.1999999999999993,76606,2.8649999999999998E-2,75528,10.9,NA,4.564E-2,2.8649999999999998E-2,NA,2.7294296417247579E-2,3.5482585342421852E-2,4.6127360945148417E-2,5.9965569228692943E-2,7.7955239997300821E-2,3.7939072019974131E-2,4.9320793625966371E-2,6.4117031713756281E-2,8.3352141227883189E-2,0.10835778359624813,2.0301023433758326E-2,2.6391330463885823E-2,3.4308729603051577E-2,4.4601348483967053E-2,5.7981753029157167E-2,2.8218422572924069E-2,3.6683949344801292E-2,4.7689134148241684E-2,6.1995874392714194E-2,8.0594636710528453E-2
80,61492,5.126E-2,59934,8.6,74412,3.2710000000000003E-2,73216,10.199999999999999,NA,5.126E-2,3.2710000000000003E-2,NA,3.0655250533481834E-2,3.9851825693526383E-2,5.1807373401584304E-2,6.7349585422059599E-2,8.7554461048677479E-2,4.2610798241539745E-2,5.539403771400167E-2,7.2012249028202177E-2,9.3615923736662846E-2,0.12170070085766169,2.3177887487547469E-2,3.013125373381171E-2,3.9170629853955224E-2,5.0921818810141802E-2,6.6198364453184333E-2,3.2217263607690977E-2,4.1882442689998273E-2,5.4447175496997756E-2,7.0781328146097097E-2,9.2015726589926211E-2
81,58340,5.7590000000000002E-2,56677,8.1,71978,3.7530000000000001E-2,70650,9.6,NA,5.7590000000000002E-2,3.7530000000000001E-2,NA,3.4440809173297289E-2,4.4773051925286481E-2,5.8204967502872428E-2,7.5666457753734165E-2,9.836639507985441E-2,4.7872724750883229E-2,6.2234542176148197E-2,8.0904904828992666E-2,0.10517637627769048,0.13672928916099761,2.659327781741536E-2,3.457126116263997E-2,4.4942639511431959E-2,5.8425431364861558E-2,7.5953060774320028E-2,3.6964656166207345E-2,4.8054053016069548E-2,6.2470268920890422E-2,8.1211349597157562E-2,0.10557475447630482
82,54980,6.4729999999999996E-2,53217,7.5,69276,4.3180000000000003E-2,67806,8.9,NA,6.4729999999999996E-2,4.3180000000000003E-2,NA,3.8710775790719451E-2,5.0324008527935289E-2,6.5421211086315878E-2,8.5047574412210655E-2,0.11056184673587384,5.3807978349100033E-2,6.9950371853830046E-2,9.0935483409979062E-2,0.1182161284329728,0.15368096696286462,3.0596795527737683E-2,3.9775834186058991E-2,5.170858444187669E-2,6.7221159774439709E-2,8.7387507706771617E-2,4.2529545783555375E-2,5.5288409518621989E-2,7.1874932374208597E-2,9.3437412086471175E-2,0.12146863571241252
83,51421,7.2789999999999994E-2,49564,7,66285,4.9759999999999999E-2,64662,8.3000000000000007,NA,7.2789999999999994E-2,4.9759999999999999E-2,NA,4.3530934185176409E-2,5.6590214440729335E-2,7.3567278772948136E-2,9.5637462404832591E-2,0.12432870112628236,6.0507998517395203E-2,7.8660398072613769E-2,0.1022585174943979,0.13293607274271729,0.17281689456553248,3.5259299339051114E-2,4.5837089140766452E-2,5.9588215882996391E-2,7.7464680647895315E-2,0.10070408484226391,4.9010426081281047E-2,6.3713553905665368E-2,8.282762007736498E-2,0.10767590610057448,0.13997867793074684
84,47678,8.1860000000000002E-2,45739,6.5,62987,5.7349999999999998E-2,61207,7.7,NA,8.1860000000000002E-2,5.7349999999999998E-2,NA,4.8955107465291123E-2,6.3641639704878461E-2,8.2734131616342008E-2,0.10755437110124462,0.13982068243161799,6.8047599376754656E-2,8.8461879189781059E-2,0.11500044294671538,0.14950057583073001,0.194350748579949,4.0637476227784991E-2,5.282871909612049E-2,6.8677334824956637E-2,8.9280535272443645E-2,0.11606469585417674,5.6486091956621132E-2,7.3431919543607477E-2,9.5461495406689717E-2,0.12409994402869666,0.16132992723730563
85,43775,9.2030000000000001E-2,41770,6.1,59375,6.6030000000000005E-2,57440,7.1,NA,9.2030000000000001E-2,6.6030000000000005E-2,NA,5.5037118739686558E-2,7.1548254361592525E-2,9.3012730670070293E-2,0.12091654987109139,0.1571915148324188,7.6501595048164311E-2,9.945207356261361E-2,0.12928769563139769,0.16807400432081704,0.21849620561706212,4.6788013170368674E-2,6.0824417121479277E-2,7.9071742257923072E-2,0.1027932649353,0.13363124441589,6.5035338306812449E-2,8.454593979885619E-2,0.10990972173851304,0.14288263826006697,0.18574742973808706
86,39747,0.10338,37697,5.6,55455,7.5870000000000007E-2,53374,6.6,NA,0.10338,7.5870000000000007E-2,NA,6.1824810771583145E-2,8.0372254003058086E-2,0.10448393020397552,0.1358291092651682,0.17657784204471866,8.5936486972500573E-2,0.11171743306425075,0.145232662983526,0.18880246187858379,0.24544320044215892,5.376051127117782E-2,6.9888664652531171E-2,9.0855264048290529E-2,0.1181118432627777,0.15354539624161101,7.4727110666937172E-2,9.7145243867018324E-2,0.12628881702712383,0.16417546213526099,0.21342810077583929
87,35638,0.11599,33570,5.2,51248,8.6929999999999993E-2,49039,6.1,NA,0.11599,8.6929999999999993E-2,NA,6.9366026324201288E-2,9.0175834221461679E-2,0.11722858448790019,0.15239715983427027,0.19811630778455133,9.6418776590639785E-2,0.12534440956783172,0.16294773243818125,0.21183205216963566,0.27538166782052637,6.1597485762534425E-2,8.0076731491294753E-2,0.10409975093868319,0.13532967622028816,0.1759285790863746,8.5620505209922843E-2,0.11130665677289969,0.14469865380476962,0.18810824994620054,0.24454072493006068
88,31504,0.12992000000000001,29451,4.8,46793,9.9269999999999997E-2,44483,5.7,NA,0.12992000000000001,9.9269999999999997E-2,NA,7.7696647469956304E-2,0.1010056417109432,0.13130733422422616,0.17069953449149403,0.22190939483894223,0.10799833998323925,0.14039784197821104,0.18251719457167437,0.2372723529431767,0.3084540588261297,7.0341451876760525E-2,9.1443887439788679E-2,0.1188770536717253,0.15454016977324292,0.20090222070521577,9.7774618108697128E-2,0.12710700354130627,0.16523910460369817,0.21481083598480763,0.27925408678024993
89,27411,0.1452,25408,4.5,42148,0.11293,39774,5.2,NA,0.1452,0.11293,NA,8.6834615245055841E-2,0.1128849998185726,0.14675049976414439,0.19077564969338773,0.24800834460140403,0.12070011519062761,0.15691014974781589,0.20398319467216067,0.26517815307380893,0.34473159899595157,8.0020753102070782E-2,0.10402697903269202,0.13523507274249963,0.17580559456524955,0.22854727293482441,0.11122884681187838,0.1445975008554419,0.18797675111207449,0.24436977644569685,0.3176807093794059
90,23431,0.1615,21518,4.2,37388,0.12755,34998,4.8,NA,0.1615,0.12755,NA,9.6582578251215703E-2,0.12555735172658042,0.16322455724455456,0.21219192441792095,0.2758495017432972,0.13424978376918981,0.17452471889994675,0.22688213456993078,0.29494677494091009,0.38343080742318308,9.0380298044533139E-2,0.11749438745789309,0.15274270369526102,0.19856551480383935,0.25813516924499114,0.12562861428190106,0.16331719856647139,0.2123123581364128,0.2760060655773367,0.35880788525053769
91,19647,0.17699000000000001,17879,3.9,32619,0.14210999999999999,30287,4.5,NA,0.17699000000000001,0.14210999999999999,NA,0.10584613327976884,0.13759997326369949,0.17887996524280936,0.23254395481565221,0.30230714126034786,0.14712612525887869,0.19126396283654232,0.248643151687505,0.32323609719375657,0.4202069263518835,0.10069732775467349,0.13090652608107556,0.17017848390539822,0.22123202907701772,0.28760163780012304,0.13996928557899616,0.181960071252695,0.23654809262850351,0.30751252041705462,0.39976627654217101
92,16170,0.19169,14590,3.6,27984,0.15848999999999999,25748,4.0999999999999996,NA,0.19169,0.15848999999999999,NA,0.11463724102152034,0.14902841332797645,0.1937369373263694,0.25185801852428025,0.32741542408156432,0.15934576501991327,0.20714949452588724,0.26929434288365345,0.35008264574874953,0.45510743947337434,0.11230398617858141,0.14599518203215583,0.1897937366418026,0.24673185763434341,0.32075141492464643,0.15610254078822813,0.20293330302469659,0.26381329393210556,0.34295728211173732,0.44584446674525846
93,13070,0.21134,11661,3.3,23549,0.17845,21425,3.8,NA,0.21134,0.17845,NA,0.12638861973753512,0.16430520565879567,0.21359676735643437,0.27767579756336475,0.36097853683237413,0.1756801814351738,0.22838423586572595,0.29689950662544373,0.38596935861307696,0.50176016619700003,0.1264473867977024,0.16438160283701311,0.21369608368811707,0.27780490879455222,0.36114638143291788,0.17576186764880633,0.22849042794344823,0.29703755632648271,0.38614882322442762,0.50199347019175589
94,10308,0.23452999999999999,9069,3.1,19346,0.20068,17374,3.5,NA,0.23452999999999999,0.20068,NA,0.14025704072605333,0.18233415294386934,0.23703439882703015,0.30814471847513925,0.40058813401768101,0.1949572866092141,0.25344447259197833,0.32947781436957185,0.42832115868044346,0.55681750628457649,0.14219928037300597,0.18485906448490777,0.2403167838303801,0.31241181897949422,0.40613536467334244,0.19765699971847828,0.25695409963402177,0.3340403295242283,0.43425242838149686,0.56452815689594593
95,7890,0.25799,6839,2.9,15464,0.22331000000000001,13698,3.3,NA,0.25799,0.22331000000000001,NA,0.15428693104044044,0.20057301035257258,0.26074491345834439,0.33896838749584773,0.44065890374460204,0.2144588341462122,0.27879648439007587,0.36243542970709863,0.47116605861922828,0.61251587620499681,0.15823460883045629,0.20570499147959317,0.26741648892347114,0.34764143560051253,0.45193386628066629,0.21994610627433422,0.28592993815663448,0.3717089196036249,0.48322159548471239,0.62818807413012612
96,5855,0.27884999999999999,5004,2.7,12011,0.24465999999999999,10495,3.1,NA,0.27884999999999999,0.24465999999999999,NA,0.16676193155016406,0.21679051101521327,0.28182766431977729,0.36637596361571051,0.47628875270042365,0.23179908485472803,0.30133881031114645,0.39174045340449043,0.50926258942583758,0.66204136625358889,0.17336294566503707,0.22537182936454819,0.29298337817391268,0.38087839162608655,0.49514190911391248,0.2409744944744015,0.31326684281672196,0.40724689566173861,0.5294209643602602,0.68824725366833828
97,4222,0.29260999999999998,3574,2.6,9072,0.26046000000000002,7845,2.9,NA,0.29260999999999998,0.26046000000000002,NA,0.17499088682407565,0.22748815287129837,0.29573459873268787,0.38445497835249431,0.49979147185824258,0.24323733268546513,0.3162085324911047,0.41107109223843613,0.534392419909967,0.6947101458829571,0.18455862350983226,0.23992621056278196,0.31190407373161655,0.40547529585110159,0.52711788460643205,0.25653648667866685,0.33349743268226695,0.43354666248694701,0.56361066123303116,0.73269385960294053
98,2987,0.30637999999999999,2505,2.5,6709,0.27627000000000002,5743,2.7,NA,0.30637999999999999,0.27627000000000002,NA,0.18322582244338986,0.23819356917640683,0.30965163992932893,0.40254713190812763,0.52331127148056589,0.25468389319631191,0.33108906115520548,0.43041577950176718,0.55954051335229738,0.72740266735798653,0.1957613872266811,0.25448980339468547,0.33083674441309108,0.43008776773701846,0.55911409805812395,0.27210832824508668,0.35374082671861268,0.45986307473419652,0.59782199715445561,0.77716859630079227
99,2072,0.32013999999999998,1722,2.4,4856,0.29207,4113,2.6,NA,0.32013999999999998,0.29207,NA,0.19145477771730149,0.24889121103249195,0.32355857434223956,0.42062614664491149,0.54681399063838487,0.26612214102704906,0.34595878333516378,0.44974641833571294,0.58467034383642691,0.76007144698735496,0.20695706507147626,0.26904418459291918,0.34975743997079495,0.45468467196203344,0.59109007355064347,0.28767032044935198,0.37397141658415761,0.48616284155940487,0.63201169402722646,0.8216152022353943
100,1408,0.33389999999999997,3204,2.2999999999999998,3437,0.30786999999999998,8550,2.5,NA,1,1,NA,1,1,1,1,1,1,1,1,1,1,1,1,1,1,1,1,1,1,1,1
